t_sec,nprocs,footprint_bytes,cpu_nanos
0.0,11,551035928,11110586865
1.0,11,551019544,11116171658
2.0,11,551019544,11121702699
3.0,11,551101464,11137568115
4.0,11,551052312,11143026575
5.0,11,551052312,11148484949
6.0,11,551052312,11153794241
7.0,11,551052312,11159244825
8.1,11,550937624,11174469700
9.1,11,550937624,11179172658
10.1,11,550921240,11184486408
11.1,11,550921240,11190302783
12.1,11,550921240,11195434199
13.1,11,550921240,11207639033
14.1,11,550921240,11213202950
15.1,11,550921240,11218433783
16.1,11,550921240,11224073866
17.1,11,550708248,11304095742
18.1,11,550429720,11311746989
19.1,11,550429720,11314144614
20.1,11,550347800,11319489033
21.1,11,550347800,11320267326
22.1,11,550249496,11328737741
23.1,11,550249496,11328737741
24.1,11,550249496,11328737741
25.2,11,550249496,11328804741
26.2,11,550200344,11328909532
27.2,11,550200344,11333131950
28.2,11,550183960,11333314451
29.2,11,550183960,11333314451
30.2,11,550183960,11334519868
31.2,11,550151192,11334766866
32.2,11,550216728,11342700449
33.2,11,550216728,11342700449
34.2,11,550216728,11342786325
35.2,11,550216728,11342786325
36.2,11,550872088,11342786325
37.2,11,550872088,11347694866
38.2,11,550872088,11347694866
39.2,11,550872088,11347694866
40.2,11,550904856,11347874407
41.2,11,550904856,11347874407
42.2,11,550904856,11355844865
43.3,11,550904856,11355919490
44.3,11,550904856,11355919490
45.3,11,550904856,11355919490
46.3,11,559686728,11469261620
47.3,11,629908552,12262313906
48.3,11,623649864,12280134741
49.3,11,624731208,12284742616
50.3,11,625108040,12286928826
51.3,11,626549832,12287473409
52.3,11,626779208,12300967242
53.3,11,626664520,12301535324
54.3,11,626402376,12305521074
55.3,11,626402376,12305586492
56.3,11,626402376,12305623617
57.3,11,626287688,12315871160
58.3,11,626320456,12316140867
59.3,11,626304072,12316243034
60.3,11,626287688,12316352534
61.4,11,626271304,12316511243
62.4,11,626271304,12320966452
63.4,11,626271304,12320966452
64.4,11,626254920,12322027701
65.4,11,626254920,12322161577
66.4,11,626254920,12322161577
67.4,11,626254920,12326301785
68.4,11,626254920,12326301785
69.4,11,626254920,12326301785
70.4,11,626254920,12326358368
71.4,11,626254920,12326358368
72.4,11,626287688,12330982868
73.4,11,626287688,12331026577
74.4,11,626336840,12331026577
75.4,11,626500680,12331159535
76.4,11,604333128,12408201742
77.4,11,593519688,12435619241
78.4,11,591995976,12445681909
79.4,11,591979592,12454347199
80.5,11,591553608,12465186907
81.5,11,591455304,12466215700
82.5,11,591340616,12477799784
83.5,11,591340616,12477799784
84.5,11,591340616,12477799784
85.5,11,591389768,12477860159
86.5,11,591389768,12477912824
87.5,11,591602760,12486277408
88.5,11,591569992,12488906326
89.5,11,591537224,12490318618
90.5,11,591471688,12493732992
91.5,11,591537224,12493910701
92.5,11,591537224,12501657201
93.5,11,591537224,12501657201
94.5,11,591537224,12501747534
95.6,11,591537224,12501747534
96.6,11,591537224,12501747534
97.6,11,591537224,12509960367
98.6,11,591537224,12509960367
99.6,11,591537224,12509960367
100.6,11,591520840,12510078825
101.6,11,591520840,12510078825
102.6,11,591520840,12518237533
103.6,11,591520840,12518304366
104.6,11,591520840,12518304366
105.6,11,591520840,12518304366
106.6,11,628565064,13198315490
107.6,11,651338824,13830123785
108.6,11,647947336,13841449826
109.6,11,647832648,13849524784
110.6,11,647832648,13855870784
111.6,11,647783496,13861552451
112.6,11,647668808,13878917076
113.7,11,647537736,13884656326
114.7,11,647504968,13889963159
115.7,11,647504968,13895383868
116.7,11,653501512,13903779202
117.7,11,658072648,13922887327
118.7,11,660841544,13928723910
119.7,11,660890696,13934852660
120.7,11,660874312,13940530452
121.7,11,660956232,13946575994
122.7,11,667984968,13966882617
123.7,11,667984968,13972311951
124.7,11,667984968,13977773784
125.7,11,667984968,13983135659
126.7,11,667984968,13988125409
127.7,11,667903048,14002738492
128.8,11,667903048,14007903200
129.8,11,667903048,14013046325
130.8,11,667903048,14018367951
131.8,11,667903048,14023452326
132.8,11,667903048,14036922993
133.8,11,667903048,14042089909
134.8,11,667903048,14046959492
135.8,11,667903048,14051627325
136.8,11,646931528,14351603867
137.8,11,627369032,14391555701
138.8,11,623469640,14401809449
139.8,11,623387720,14412750909
140.8,11,623387720,14421173366
141.8,11,623436872,14429525240
142.8,11,623223880,14448583407
143.8,11,623223880,14457128824
144.8,11,623223880,14465080699
145.8,11,623387720,14473341200
146.9,11,625075272,14481716992
147.9,11,624993352,14499320533
148.9,11,624976968,14508210199
149.9,11,624976968,14516058949
150.9,11,624960584,14524521866
151.9,11,625189960,14539050324
152.9,11,625075272,14549580532
153.9,11,625140808,14556870949
154.9,11,625140808,14563025575
155.9,11,625140808,14570397241
156.9,11,625042504,14579125575
157.9,11,625042504,14593812283
158.9,11,625058888,14601984241
159.9,11,625058888,14610196908
160.9,11,625058888,14617195908
162.0,11,625058888,14623689158
163.0,11,625222728,14641622866
164.0,11,625271880,14654393117
165.0,11,625271880,14663389575
166.0,11,625239112,14673039325
167.0,11,631186504,15344438742
168.0,11,611427400,15386474993
169.0,11,611345480,15394826240
170.0,11,611411016,15397375782
171.0,11,613540936,15398166450
172.0,11,613737544,15400730490
173.0,11,596010056,15644159617
174.0,11,591389744,15650730742
175.0,11,590488624,15653091199
176.0,11,589358104,15653091199
177.0,11,589358104,15656697117
178.1,11,589128728,15670794743
179.1,11,588997656,15675065659
180.1,11,588997656,15675210535
181.1,11,588997656,15675210535
182.1,11,587965464,15675380744
183.1,11,588293144,15696290742
184.1,11,587883544,15713878868
185.1,11,587883544,15714326619
186.1,11,587899928,15714326619
187.1,11,587899928,15721248119
188.1,11,587998232,15728471868
189.1,11,587686936,15730613993
190.1,11,587670552,15731247492
191.1,11,587670552,15731247492
192.1,11,587801624,15739348534
193.2,11,587736088,15740305701
194.2,11,587703320,15740849367
195.2,11,587686936,15740907618
196.2,11,587392024,15764344742
197.2,11,574252080,15971206658
198.2,11,568353840,15987315533
199.2,11,567370800,15994726533
200.2,11,566617136,16000144491
201.2,11,566600752,16000286532
202.2,11,566567984,16007140075
203.2,11,566666288,16008372117
204.2,11,566600752,16009836158
205.2,11,566600752,16010261200
206.2,11,566600752,16010333909
207.3,11,566600752,16016412076
208.3,11,566371376,16022238659
209.3,11,565896240,16050156867
210.3,11,588588104,16146526575
211.3,11,566142000,16217196618
212.3,12,579692192,16497493076
213.3,12,607954616,16571522242
214.3,12,623535800,16582525450
215.3,12,606414520,16586734910
216.3,12,581887672,16589298783
217.3,12,582411960,16630995991
218.3,12,580609720,16637337241
219.3,12,580249272,16641270575
220.4,12,580527800,16649232326
221.4,12,580249272,16652657867
222.4,12,580396728,16670834034
223.4,12,580150968,16674796907
224.4,12,580150968,16675203865
225.4,12,580150968,16675203865
226.4,12,585901776,16820040950
227.4,12,615491280,17427562448
228.4,12,613934776,17444375742
229.5,12,613902008,17445728408
230.5,12,613902008,17445728408
231.5,12,613869240,17453246740
232.5,12,613803704,17467003031
233.5,12,613590712,17471255197
234.5,12,613508792,17484487990
235.5,12,613508792,17485298781
236.5,12,613344952,17487664699
237.6,12,613230264,17501169031
238.6,12,613230264,17501682282
239.6,12,613197496,17501924323
240.6,12,613197496,17501924323
241.6,12,613197496,17502400407
242.6,12,613148344,17511503656
243.6,12,613148344,17512954239
244.7,12,613148344,17513062282
245.7,12,613131960,17513186490
246.7,12,613131960,17513186490
247.7,12,613115576,17523597489
248.7,12,613115576,17523597489
249.7,12,611903160,17523597489
250.7,12,611903160,17523815781
251.7,12,611903160,17523815781
252.7,12,612017848,17531025239
253.7,12,612017848,17531230989
254.7,12,612017848,17531230989
255.8,12,612017848,17531733990
256.8,12,593979088,17815248827
257.8,12,582428344,17840437949
258.8,12,582395576,17844917616
259.8,12,582395576,17844917616
260.8,12,582411960,17844917616
261.8,11,579282160,17813413785
262.8,11,579282160,17825538952
263.8,11,579167472,17826257285
264.8,11,579118320,17829600784
265.8,11,579118320,17831707033
266.8,11,579118320,17831780866
267.8,11,579118320,17839177950
268.8,11,579069168,17840125658
269.8,11,579036400,17842364367
270.9,11,579036400,17842364367
271.9,11,579052784,17845407700
272.9,11,579052784,17851257532
273.9,11,579052784,17851257532
274.9,11,579036400,17851668908
275.9,11,579036400,17851668908
276.9,11,579036400,17853512367
277.9,11,578970864,17861314866
278.9,11,578987248,17862063325
279.9,11,578987248,17862063325
280.9,11,578987248,17862419451
281.9,11,578987248,17862419451
282.9,11,578987248,17867859867
283.9,11,578987248,17868062699
284.9,11,578987248,17868062699
285.9,11,578987248,17868062699
287.0,11,585901320,18169035700
288.0,11,589620464,18357153157
289.0,11,586556656,18364205741
290.0,11,586425584,18365029866
291.0,11,586425584,18365029866
292.0,11,586376432,18366739866
293.0,11,586179824,18382134325
294.0,11,586130672,18383377117
295.0,11,586130672,18383377117
296.0,11,586130672,18383573991
297.1,11,586032368,18387094074
298.1,11,586015984,18394465075
299.1,11,585983216,18395140534
300.1,11,585966832,18395276575
301.1,11,585966832,18395276575
302.1,11,585966832,18400678284
303.1,11,585966832,18401198492
304.1,11,585966832,18401198492
305.1,11,585966832,18401478575
306.1,11,585966832,18403534200
307.1,11,585966832,18409497534
308.1,11,585950448,18409605075
309.1,11,585950448,18409605075
310.1,11,585950448,18409761700
311.1,11,585950448,18409761700
312.1,11,585950448,18415396909
313.1,11,585950448,18415676784
314.2,11,585950448,18415676784
315.2,11,585950448,18415676784
316.2,11,585999600,18418923825
317.2,11,601072904,18895975701
318.2,11,593929456,18927746703
319.2,11,635725064,18971016536
320.2,11,625943792,18979896035
321.2,11,625796336,18987265328
322.2,11,625698032,19010214159
323.2,11,625616112,19016830077
324.2,11,625452272,19024941910
325.2,11,625353968,19033474118
326.2,11,625353968,19043639119
327.2,11,625501424,19059002660
328.2,11,625353968,19067282119
329.2,11,625353920,19075633703
